ID,Location Name,Description,Opening Hour
1,Avenue of Stars,"A famous promenade in Tsim Sha Tsui celebrating Hong Kong’s film industry with celebrity handprints, statues, and breathtaking harbor views.","0000-2400, Mon-Sun"
2,Former Kowloon-Canton Railway Clock Tower,"A historic landmark in Tsim Sha Tsui symbolizing the old Kowloon-Canton Railway, now a popular spot for tourists and photographers.","1000-2200, Mon-Sun"
3,Golden Bauhinia Square,"An iconic outdoor plaza in Wan Chai featuring the golden Bauhinia statue, symbolizing Hong Kong’s return to China in 1997.","0000-2400, Mon-Sun"
4,Hong Kong Disneyland,"A magical theme park featuring world-class attractions, entertainment, and dining, inspired by Disney characters and stories.","1000-2000, Mon-Sun"
5,Women's Street,"A vibrant open-air market in Mong Kok offering affordable fashion, accessories, and souvenirs in a lively atmosphere.","1200-2300, Mon-Sun"
6,Lan Kwai Fong,"A bustling nightlife district in Central filled with bars, clubs, and restaurants, attracting both locals and tourists.","1700-0200, Mon-Sun"
7,Hong Kong Ocean Park,"A marine-life theme park offering thrilling rides, animal exhibits, and educational programs, located in Aberdeen.","1000-1900, Mon-Sun"
8,Temple Street Night Market,"A lively street market in Yau Ma Tei featuring local street food, souvenirs, fortune-tellers, and entertainment.","1700-2300, Mon-Sun"
9,Tsim Sha Tsui Promenade Gardens,"A relaxing public park along the Tsim Sha Tsui waterfront, offering panoramic views of Victoria Harbour and the city skyline.","0000-2400, Mon-Sun"
10,Yim Tin Tsai,"A small cultural village and island known for its heritage trail, historic chapel, and natural surroundings.","Uncertain"
11,Sai Kung Town,"A charming seaside town known as the 'back garden of Hong Kong,' featuring fresh seafood, hiking trails, and vibrant markets.","0000-2400, Mon-Sun"
12,Hong Kong Cultural Center,"A major arts venue hosting world-class performances in music, dance, theater, and exhibitions, located in Tsim Sha Tsui.","1000-2200, Mon-Sun"
13,K11 Humanity Shopping Art Museum,"A shopping mall that combines art, retail, and cultural exhibitions, offering a unique shopping experience.","1000-2200, Mon-Sun"
14,Hong Kong Science Museum,"An interactive museum featuring hands-on exhibits and galleries on science, technology, and innovation.","1000-1900, Mon-Wed, Fri-Sun"
15,Hong Kong Museum of History,"A comprehensive museum showcasing the history and heritage of Hong Kong through permanent and temporary exhibits.","1000-1800, Mon-Sun"
16,Central Plaza,"A prominent skyscraper in Wan Chai offering a unique architectural design and observation deck with panoramic views.","1000-2200, Mon-Sun"
17,Hong Kong Arts Center,"A cultural hub for exhibitions, performances, and art education, located in Wan Chai.","1000-2200, Mon-Sun"
18,Blue House,"A historic tenement building in Wan Chai, restored as a cultural and community center with exhibits on local heritage.","1000-1800, Tue-Sun"
19,Hong Kong Convention and Exhibition Center,"A world-class venue hosting international exhibitions, conferences, and events, located on the Wan Chai waterfront.","0800-2000, Mon-Sun"
20,Central and Western District Promenade,"A waterfront promenade in Central featuring landscaped paths, seating areas, and stunning views of Victoria Harbour.","0000-2400, Mon-Sun"
21,Hong Kong Ferris Wheel,"An iconic Ferris wheel on the Central waterfront offering stunning views of the city and Victoria Harbour.","1100-2100, Mon-Sun"
22,Tai Kwun,"A heritage and arts center housed in restored historic buildings in Central, featuring exhibitions, performances, and dining.","1000-2200, Mon-Sun"
23,Hong Kong Museum of Medicine,"A historic museum in Sheung Wan showcasing medical history and artifacts in a restored colonial building.","1000-1800, Wed-Sun"
24,Tamar Park,"A modern public park in Admiralty with open lawns, walking paths, and great views of Victoria Harbour.","0000-2400, Mon-Sun"
25,West Kowloon Cultural District,"A cultural district hosting arts and performance venues, green spaces, and waterfront promenades.","1000-2200, Mon-Sun"
26,Hong Kong Palace Museum,"A museum in West Kowloon showcasing Chinese art and cultural relics from the Forbidden City and beyond.","1000-1800, Mon-Sun"
27,M+,"A contemporary visual culture museum in West Kowloon featuring international art, design, and architecture exhibitions.","1000-2000, Wed-Mon"
28,Hong Kong Heritage Discovery Center,"A cultural center in Kowloon Park showcasing Hong Kong’s archaeological and architectural heritage.","1000-1800, Mon-Sun"
29,APM,"A vibrant shopping mall in Kwun Tong offering late-night shopping, dining, and entertainment options.","1000-0000, Mon-Sun"
30,MegaBox,"A large shopping complex in Kowloon Bay with retail stores, an ice rink, and various dining options.","1000-2200, Mon-Sun"
31,Happy Valley Racecourse,"A historic horse racing venue in Happy Valley hosting thrilling races and events, popular among locals and tourists.","Uncertain"
32,Victoria Prison Site,"A historic site in Tai Kwun, Central, offering guided tours and exhibits on the colonial prison system.","1000-1800, Mon-Sun"
33,Jockey Club Arts Center,"A vibrant arts and cultural center hosting exhibitions, workshops, and community events in Central.","1000-2200, Mon-Sun"
34,Peak Tower,"A leisure and shopping complex at The Peak offering panoramic views, dining, and retail options.","1000-2200, Mon-Sun"
35,Hong Kong Park,"A large urban park in Central featuring fountains, walking trails, and an aviary, providing a tranquil escape.","0600-2300, Mon-Sun"
36,Hari Katsudo Park,"A small park in Sheung Wan featuring shaded seating, walking paths, and a relaxing atmosphere.","0000-2400, Mon-Sun"
37,Central Market,"A historic market in Central transformed into a modern cultural and retail space with shops and cafes.","1000-2000, Mon-Sun"
38,Landmark,"A luxury shopping mall in Central offering high-end fashion, jewelry, and fine dining experiences.","1000-2100, Mon-Sun"
39,ifc mall,"A premium shopping mall in Central featuring luxury brands, fine dining, and an upscale cinema.","1000-2200, Mon-Sun"
40,Shun Tak Center Shopping Center,"A shopping and ferry terminal complex in Sheung Wan offering retail stores, dining, and transportation services.","1000-2000, Mon-Sun"
41,Soho Square,"A trendy area in Central known for its boutique shops, stylish cafes, and vibrant nightlife.","1100-2200, Mon-Sun"
42,Yuanfang,"A modern shopping and entertainment complex in West Kowloon offering retail, dining, and cultural activities.","1000-2200, Mon-Sun"
43,Rogobo,"A popular shopping destination in Mong Kok offering trendy fashion, lifestyle products, and dining options.","1100-2100, Mon-Sun"
44,New Century Plaza,"A shopping and entertainment complex in Prince Edward offering a variety of retail and dining choices.","1000-2200, Mon-Sun"
45,The ONE,"A stylish shopping mall in Tsim Sha Tsui featuring a mix of international fashion brands, dining options, and entertainment facilities.","1000-2200, Mon-Sun"
46,Huangpu World,"A family-friendly shopping center in Hung Hom, known for its variety of retail stores and restaurants.","1000-2200, Mon-Sun"
47,Golden Computer Mall,"A haven for tech enthusiasts in Sham Shui Po, offering affordable electronics, computer accessories, and gadgets.","1100-2000, Mon-Sun"
48,Miramar Plaza,"A modern shopping complex in Tsim Sha Tsui featuring fashion boutiques, dining options, and a rooftop garden.","1000-2200, Mon-Sun"
49,Mong Kok New City,"A bustling shopping mall in Mong Kok offering a range of local and international brands, restaurants, and entertainment options.","1000-2200, Mon-Sun"
50,Mikiki,"A community shopping mall in San Po Kong offering retail shops, dining, and recreational activities for families.","1000-2200, Mon-Sun"
51,Startup Center,"A modern business and shopping center in Prince Edward, offering retail stores, cafes, and co-working spaces.","1000-2200, Mon-Sun"
52,Kowloon Park,"A large urban park in Tsim Sha Tsui featuring gardens, walking paths, a swimming pool, and an aviary.","0600-2300, Mon-Sun"
53,CLP Bell Tower Cultural Center,"A cultural landmark in Kadoorie Hill showcasing Hong Kong’s historical relationship with electricity and innovation.","1000-1800, Mon-Sun"
54,Kowloon Walled City Park,"A historic park in Kowloon City, built on the site of the former Kowloon Walled City. It features traditional Chinese gardens, pavilions, and historical exhibits.","0630-2300, Mon-Sun"
55,Lions Nature Education Center,"An educational park in Tsiu Hang that combines nature conservation with learning experiences through exhibits and outdoor activities.","0900-1700, Mon-Sun"
56,Pak Shek Kok Promenade,"A scenic promenade along the Tolo Harbour with cycling paths, resting areas, and stunning waterfront views. Popular among joggers and cyclists.","0000-2400, Mon-Sun"