description,category
An art gallery featuring renowned local artists.,Literature_Art
An ancient fortress with historical significance.,Historical
A high-end luxury mall with designer stores.,Shopping
A planetarium showcasing the wonders of the universe.,Educational
An open-air sculpture park with artistic creations.,Literature_Art
A picnic park with playgrounds and open spaces.,Family
A memorial dedicated to local heroes.,Historical
A library showcasing rare manuscripts and books.,Literature_Art
A preserved colonial-era building.,Historical
A boutique offering handmade artisan crafts.,Shopping
An open-air sculpture park with artistic creations.,Literature_Art
A high-end luxury mall with designer stores.,Shopping
An art gallery featuring renowned local artists.,Literature_Art
A science center offering hands-on learning experiences.,Educational
A planetarium showcasing the wonders of the universe.,Educational
A historic battlefield with informative plaques.,Historical
A historic battlefield with informative plaques.,Historical
A bustling market with affordable goods and local products.,Shopping
A recreational center with games and entertainment for kids.,Family
A historic museum with interactive educational exhibits.,Educational
A planetarium showcasing the wonders of the universe.,Educational
A high-end luxury mall with designer stores.,Shopping
A bustling market with affordable goods and local products.,Shopping
A cultural center hosting literature and poetry readings.,Literature_Art
A zoo featuring exotic animals and family-friendly activities.,Family
A picnic park with playgrounds and open spaces.,Family
A planetarium showcasing the wonders of the universe.,Educational
A historic museum with interactive educational exhibits.,Educational
A modern shopping mall featuring international brands.,Shopping
A family-friendly beach with safe swimming areas.,Family
A family-friendly beach with safe swimming areas.,Family
A planetarium showcasing the wonders of the universe.,Educational
An amusement park with rides suitable for all ages.,Family
A museum displaying modern art installations.,Literature_Art
A boutique offering handmade artisan crafts.,Shopping
A botanical garden with detailed plant information.,Educational
A museum displaying modern art installations.,Literature_Art
A cultural center hosting literature and poetry readings.,Literature_Art
A library showcasing rare manuscripts and books.,Literature_Art
A memorial dedicated to local heroes.,Historical
A zoo featuring exotic animals and family-friendly activities.,Family
A bustling market with affordable goods and local products.,Shopping
A planetarium showcasing the wonders of the universe.,Educational
An ancient fortress with historical significance.,Historical
A vibrant street market known for unique souvenirs.,Shopping
A historic battlefield with informative plaques.,Historical
A zoo featuring exotic animals and family-friendly activities.,Family
A family-friendly beach with safe swimming areas.,Family
A high-end luxury mall with designer stores.,Shopping
A historic battlefield with informative plaques.,Historical
A zoo featuring exotic animals and family-friendly activities.,Family
A zoo featuring exotic animals and family-friendly activities.,Family
A historic battlefield with informative plaques.,Historical
An open-air sculpture park with artistic creations.,Literature_Art
A centuries-old temple showcasing traditional architecture.,Historical
An amusement park with rides suitable for all ages.,Family
A cultural center hosting literature and poetry readings.,Literature_Art
An open-air sculpture park with artistic creations.,Literature_Art
A modern shopping mall featuring international brands.,Shopping
A picnic park with playgrounds and open spaces.,Family
A cultural center hosting literature and poetry readings.,Literature_Art
A zoo featuring exotic animals and family-friendly activities.,Family
A centuries-old temple showcasing traditional architecture.,Historical
A centuries-old temple showcasing traditional architecture.,Historical
A historic battlefield with informative plaques.,Historical
A historic battlefield with informative plaques.,Historical
A science center offering hands-on learning experiences.,Educational
A family-friendly beach with safe swimming areas.,Family
A historic battlefield with informative plaques.,Historical
A high-end luxury mall with designer stores.,Shopping
A museum displaying modern art installations.,Literature_Art
An amusement park with rides suitable for all ages.,Family
A technology center demonstrating cutting-edge innovations.,Educational
A library showcasing rare manuscripts and books.,Literature_Art
A zoo featuring exotic animals and family-friendly activities.,Family
A technology center demonstrating cutting-edge innovations.,Educational
A bustling market with affordable goods and local products.,Shopping
A cultural center hosting literature and poetry readings.,Literature_Art
A recreational center with games and entertainment for kids.,Family
A modern shopping mall featuring international brands.,Shopping
A recreational center with games and entertainment for kids.,Family
A picnic park with playgrounds and open spaces.,Family
A vibrant street market known for unique souvenirs.,Shopping
An ancient fortress with historical significance.,Historical
An amusement park with rides suitable for all ages.,Family
A recreational center with games and entertainment for kids.,Family
A bustling market with affordable goods and local products.,Shopping
A library showcasing rare manuscripts and books.,Literature_Art
A centuries-old temple showcasing traditional architecture.,Historical
A historic museum with interactive educational exhibits.,Educational
A family-friendly beach with safe swimming areas.,Family
A bustling market with affordable goods and local products.,Shopping
A historic museum with interactive educational exhibits.,Educational
An art gallery featuring renowned local artists.,Literature_Art
An open-air sculpture park with artistic creations.,Literature_Art
A high-end luxury mall with designer stores.,Shopping
An ancient fortress with historical significance.,Historical
A memorial dedicated to local heroes.,Historical
A planetarium showcasing the wonders of the universe.,Educational
An amusement park with rides suitable for all ages.,Family
A library showcasing rare manuscripts and books.,Literature_Art
A vibrant street market known for unique souvenirs.,Shopping
A vibrant street market known for unique souvenirs.,Shopping
A high-end luxury mall with designer stores.,Shopping
A memorial dedicated to local heroes.,Historical
A historic museum with interactive educational exhibits.,Educational
An ancient fortress with historical significance.,Historical
A technology center demonstrating cutting-edge innovations.,Educational
A historic museum with interactive educational exhibits.,Educational
A picnic park with playgrounds and open spaces.,Family
A planetarium showcasing the wonders of the universe.,Educational
An open-air sculpture park with artistic creations.,Literature_Art
A technology center demonstrating cutting-edge innovations.,Educational
An art gallery featuring renowned local artists.,Literature_Art
An art gallery featuring renowned local artists.,Literature_Art
A historic museum with interactive educational exhibits.,Educational
A modern shopping mall featuring international brands.,Shopping
A botanical garden with detailed plant information.,Educational
A zoo featuring exotic animals and family-friendly activities.,Family
A zoo featuring exotic animals and family-friendly activities.,Family
A boutique offering handmade artisan crafts.,Shopping
A technology center demonstrating cutting-edge innovations.,Educational
An art gallery featuring renowned local artists.,Literature_Art
A modern shopping mall featuring international brands.,Shopping
A science center offering hands-on learning experiences.,Educational
A bustling market with affordable goods and local products.,Shopping
A botanical garden with detailed plant information.,Educational
A library showcasing rare manuscripts and books.,Literature_Art
A historic museum with interactive educational exhibits.,Educational
A centuries-old temple showcasing traditional architecture.,Historical
A historic battlefield with informative plaques.,Historical
A historic museum with interactive educational exhibits.,Educational
A museum displaying modern art installations.,Literature_Art
A high-end luxury mall with designer stores.,Shopping
A family-friendly beach with safe swimming areas.,Family
A bustling market with affordable goods and local products.,Shopping
A library showcasing rare manuscripts and books.,Literature_Art
A botanical garden with detailed plant information.,Educational
A vibrant street market known for unique souvenirs.,Shopping
A historic museum with interactive educational exhibits.,Educational
A bustling market with affordable goods and local products.,Shopping
A planetarium showcasing the wonders of the universe.,Educational
A museum displaying modern art installations.,Literature_Art
A science center offering hands-on learning experiences.,Educational
A botanical garden with detailed plant information.,Educational
A historic battlefield with informative plaques.,Historical
A library showcasing rare manuscripts and books.,Literature_Art
A centuries-old temple showcasing traditional architecture.,Historical
A library showcasing rare manuscripts and books.,Literature_Art
A science center offering hands-on learning experiences.,Educational
A cultural center hosting literature and poetry readings.,Literature_Art
A vibrant street market known for unique souvenirs.,Shopping
A botanical garden with detailed plant information.,Educational
A zoo featuring exotic animals and family-friendly activities.,Family
A recreational center with games and entertainment for kids.,Family
A centuries-old temple showcasing traditional architecture.,Historical
A family-friendly beach with safe swimming areas.,Family
A historic battlefield with informative plaques.,Historical
An amusement park with rides suitable for all ages.,Family
A vibrant street market known for unique souvenirs.,Shopping
A preserved colonial-era building.,Historical
A modern shopping mall featuring international brands.,Shopping
A botanical garden with detailed plant information.,Educational
An open-air sculpture park with artistic creations.,Literature_Art
A botanical garden with detailed plant information.,Educational
A preserved colonial-era building.,Historical
A planetarium showcasing the wonders of the universe.,Educational
A botanical garden with detailed plant information.,Educational
A vibrant street market known for unique souvenirs.,Shopping
A historic battlefield with informative plaques.,Historical
A cultural center hosting literature and poetry readings.,Literature_Art
A preserved colonial-era building.,Historical
A preserved colonial-era building.,Historical
An amusement park with rides suitable for all ages.,Family
A preserved colonial-era building.,Historical
A memorial dedicated to local heroes.,Historical
A cultural center hosting literature and poetry readings.,Literature_Art
A bustling market with affordable goods and local products.,Shopping
A planetarium showcasing the wonders of the universe.,Educational
A technology center demonstrating cutting-edge innovations.,Educational
A historic museum with interactive educational exhibits.,Educational
An ancient fortress with historical significance.,Historical
A vibrant street market known for unique souvenirs.,Shopping
A family-friendly beach with safe swimming areas.,Family
An art gallery featuring renowned local artists.,Literature_Art
A picnic park with playgrounds and open spaces.,Family
A historic battlefield with informative plaques.,Historical
A historic battlefield with informative plaques.,Historical
A vibrant street market known for unique souvenirs.,Shopping
A memorial dedicated to local heroes.,Historical
A bustling market with affordable goods and local products.,Shopping
A boutique offering handmade artisan crafts.,Shopping
A technology center demonstrating cutting-edge innovations.,Educational
A bustling market with affordable goods and local products.,Shopping
A technology center demonstrating cutting-edge innovations.,Educational
A library showcasing rare manuscripts and books.,Literature_Art
An art gallery featuring renowned local artists.,Literature_Art
An art gallery featuring renowned local artists.,Literature_Art
A science center offering hands-on learning experiences.,Educational
I want a trip to see an art gallery featuring modern artists.,Literature_Art
Looking for a library that has rare books and manuscripts on art.,Literature_Art
Can you suggest an open park with beautiful sculptures?,Literature_Art
Interested in visiting a photography museum with historical collections.,Literature_Art
Where can I find a theater hosting unique performances?,Literature_Art
I want to explore an art museum with impressionist paintings.,Literature_Art
Recommend a sculpture park with contemporary art installations.,Literature_Art
I love cultural centers that showcase visual and performing arts.,Literature_Art
Is there a garden with sculptures by local artists nearby?,Literature_Art
Show me an outdoor gallery with artistic public works.,Literature_Art
Looking for an opera house known for its great performances.,Literature_Art
What about a museum focused on visual storytelling?,Literature_Art
Any gallery with traditional and experimental art forms?,Literature_Art
I'm interested in a place promoting folk art and traditions.,Literature_Art
A museum with classical paintings would be great.,Literature_Art
I want to visit an exhibit celebrating international creators.,Literature_Art
Looking for a studio offering creative art workshops.,Literature_Art
Where can I find a university library with rare art collections?,Literature_Art
Is there a retreat for artists with public galleries to visit?,Literature_Art
Show me a modern art gallery with seasonal exhibits.,Literature_Art
What about mural projects showcasing large-scale artwork?,Literature_Art
An ancient fortress with historical significance.,Historical
Can I visit an auditorium with performances on art storytelling?,Literature_Art
Looking for an interactive exhibit blending art and creativity.,Literature_Art
Are there annual festivals celebrating public art?,Literature_Art
Any historic gallery with an extensive art collection?,Literature_Art
I want to see a venue showcasing artistic performances.,Literature_Art
Where can I find an art-focused education center?,Literature_Art
Any interactive exhibit explaining artistic movements?,Literature_Art
Looking for galleries celebrating diverse contemporary artists.,Literature_Art
Is there a regional museum preserving traditional art techniques?,Literature_Art
I need a museum showcasing ancient visual arts.,Literature_Art
Find me a local art gallery with exciting exhibitions.,Literature_Art
Do you know of places offering art and photography workshops?,Literature_Art
Suggest an art exhibit with rotating themes.,Literature_Art
I want to explore art through modern installations.,Literature_Art
Recommend an outdoor art festival with exhibits.,Literature_Art
Are there art schools open to visitors with guided tours?,Literature_Art
Looking for a gallery that combines art with new technology.,Literature_Art
What about a cultural hub hosting art and crafts fairs?,Literature_Art
Find a historical art museum with preserved pieces.,Literature_Art
I'm looking for a street festival featuring artistic murals.,Literature_Art
Any art retreat centers offering open galleries?,Literature_Art
A small gallery showcasing sculptures would be nice.,Literature_Art
What about a museum displaying rare art prints?,Literature_Art
I want to visit a photography-focused art exhibit.,Literature_Art
Are there venues that combine art with storytelling performances?,Literature_Art
Recommend a seasonal exhibit on famous artists.,Literature_Art
Find an art center offering classes and public installations.,Literature_Art
Looking for a family-friendly museum with art workshops.,Literature_Art
Are there parks with outdoor art sculptures?,Literature_Art
Any local galleries offering artist meetups or events?,Literature_Art
Looking for an art district with modern art installations.,Literature_Art
Suggest an art space with hands-on interactive exhibits.,Literature_Art
Are there live performances that showcase artistic storytelling?,Literature_Art
I want a trip to explore new art mediums and ideas.,Literature_Art
Suggest a creative hub blending traditional and modern art.,Literature_Art
What about art galleries with a focus on environmental themes?,Literature_Art
Looking for an art museum with historical art restoration projects.,Literature_Art
Are there spaces where visitors can create their own art?,Literature_Art
I need recommendations for places celebrating diverse art forms.,Literature_Art
Show me festivals or exhibits focused on cultural art themes.,Literature_Art
I want to explore a preserved medieval village.,Historical
Where can I visit a famous battlefield?,Historical
Show me an ancient castle with a historical tour.,Historical
I'm looking for ruins that explain ancient civilizations.,Historical
Recommend a museum dedicated to historical events.,Historical
Is there a historical site preserving ancient artifacts?,Historical
Looking for a fortress with reenactments of old battles.,Historical
Where can I find a famous landmark with historical significance?,Historical
Interested in visiting a site of historical importance.,Historical
I want to explore a memorial honoring national heroes.,Historical
Looking for a mall with luxury stores.,Shopping
Is there a vibrant street market nearby?,Shopping
Where can I find a boutique selling handmade crafts?,Shopping
Show me a flea market with antiques and rare goods.,Shopping
Recommend a shopping district with international brands.,Shopping
Looking for a bazaar with affordable products.,Shopping
Is there a shopping center with electronics and gadgets?,Shopping
Where can I find a mall with dining and entertainment options?,Shopping
Interested in visiting a marketplace with fresh produce.,Shopping
Show me a plaza with both shopping and live performances.,Shopping
I need a park with playgrounds for kids.,Family
Are there zoos featuring educational programs for children?,Family
Can you suggest a water park with family-friendly slides?,Family
Looking for an amusement park for the whole family.,Family
Recommend a family center offering indoor games and activities.,Family
Is there a recreational area with picnic spots and activities?,Family
Where can I take my kids for a fun learning experience?,Family
Looking for a wildlife park suitable for families.,Family
Can you recommend a theme park with rides for all ages?,Family
Interested in visiting a kid-friendly museum or center.,Family
Looking for a planetarium with lectures on astronomy.,Educational
Are there museums with interactive science exhibits?,Educational
Show me a center that teaches about environmental conservation.,Educational
I want to visit a science park with hands-on experiments.,Educational
Recommend a museum with historical artifacts.,Educational
Where can I find a technology hub with learning opportunities?,Educational
Looking for a robotics lab with open workshops.,Educational
Is there a museum dedicated to natural history?,Educational
Show me an educational center with creative classes.,Educational
Looking for a workshop space for children and adults alike.,Educational
A serene park with beautiful landscapes.,Nature
A hiking trail surrounded by lush greenery.,Nature
A fun amusement park with thrilling rides.,Entertainment
A romantic spot with a breathtaking sunset view.,Romantic
A quiet beach perfect for relaxation.,Relaxation
A cozy cafe with a romantic ambiance.,Romantic
A zoo with interactive animal exhibits.,Entertainment
A spa offering rejuvenating therapies.,Relaxation
A botanical garden with exotic plants.,Nature
An open-air cinema for a fun night out.,Entertainment
I want to go hiking through a beautiful forest.,Nature
A park filled with rare plants and scenic views.,Nature
A place to watch birds and enjoy the fresh air.,Nature
Take me to a quiet nature reserve with wildlife.,Nature
I’d like to visit a place surrounded by mountains.,Nature
Looking for a botanical garden with colorful flowers.,Nature
I need a hiking trail in the hills.,Nature
A peaceful place to walk along the riverbank.,Nature
An open green field with lots of trees.,Nature
A national park where I can see waterfalls.,Nature
Can you suggest a lush garden with exotic plants?,Nature
A serene meadow with stunning landscapes.,Nature
Where can I find a lake surrounded by forests?,Nature
I want to explore a nature trail.,Nature
A beach with crystal-clear water and natural beauty.,Nature
A scenic valley with breathtaking views.,Nature
Take me to a wetland with rare birds.,Nature
I need a peaceful countryside getaway.,Nature
A canyon with amazing rock formations.,Nature
Looking for a mountain range for hiking.,Nature
A nature park with caves to explore.,Nature
I want a jungle trek.,Nature
A forest where I can camp overnight.,Nature
A river valley with great picnic spots.,Nature
A desert with dunes and a beautiful sunset.,Nature
A cliff with panoramic views of the ocean.,Nature
A beach with natural coral reefs.,Nature
I’d like to explore a wildlife sanctuary.,Nature
A green trail for cycling in the countryside.,Nature
I need a volcanic park to explore.,Nature
Looking for a mangrove forest with boat rides.,Nature
A rocky gorge with waterfalls.,Nature
I want to walk through an orchard with fruit trees.,Nature
A protected area with grasslands and animals.,Nature
A stunning coastline with unique rock formations.,Nature
Can you suggest a mountain with a scenic view?,Nature
A bamboo forest for peaceful walks.,Nature
A clear river to kayak through nature.,Nature
A national park with both forests and rivers.,Nature
A savanna where I can watch wildlife.,Nature
A quiet cove surrounded by greenery.,Nature
A picturesque field of blooming flowers.,Nature
A nature retreat with guided forest walks.,Nature
A wildlife park with natural landscapes.,Nature
A canyon hike with scenic cliffs.,Nature
A glacier park with incredible scenery.,Nature
I need a peaceful village surrounded by nature.,Nature
An island full of natural beauty.,Nature
A ridge trail overlooking a forest.,Nature
A serene waterfall hidden in the mountains.,Nature
I want to visit a fun amusement park with rides.,Entertainment
Take me to a place with a live music performance.,Entertainment
Where can I enjoy a stand-up comedy show?,Entertainment
A gaming arcade would be awesome!,Entertainment
I’d like to watch a movie in an open-air theater.,Entertainment
A place with karaoke and music would be fun.,Entertainment
I want to go to a theme park.,Entertainment
A circus show with acrobatics and stunts.,Entertainment
Take me to a water park with slides.,Entertainment
I’d love a laser tag arena.,Entertainment
Can you suggest a place with a mini golf course?,Entertainment
A bowling alley would be great for fun.,Entertainment
Take me to a music festival nearby.,Entertainment
Where can I find a magic show?,Entertainment
I’m looking for a lively nightclub to party.,Entertainment
A fun escape room experience sounds good.,Entertainment
Can you suggest a place for live theater?,Entertainment
I want to see a talent show.,Entertainment
A place with virtual reality games.,Entertainment
A concert venue with my favorite bands.,Entertainment
A festival with food and entertainment options.,Entertainment
I need a comedy club with great acts.,Entertainment
An interactive science museum would be fun.,Entertainment
Where can I find a street performance?,Entertainment
A carnival with fun games and food stalls.,Entertainment
I’d like a horse riding show.,Entertainment
A sports bar with live games to watch.,Entertainment
Take me to a roller skating rink.,Entertainment
A cultural festival with performances.,Entertainment
A fun fair with thrilling rides and activities.,Entertainment
I’m looking for a dance event.,Entertainment
A video game arcade would be nice.,Entertainment
I want to watch a puppet show with my friends.,Entertainment
A wrestling or martial arts event.,Entertainment
A go-kart racing track.,Entertainment
Take me to a live circus performance.,Entertainment
A live performance with fireworks.,Entertainment
A cool bar with live music.,Entertainment
I want a movie theater with 3D shows.,Entertainment
An escape game adventure for a group.,Entertainment
Take me to a place with a live orchestra.,Entertainment
A local talent show would be entertaining.,Entertainment
A trampoline park would be fun.,Entertainment
Take me to a street festival with food and shows.,Entertainment
Where can I find an improvisation comedy group?,Entertainment
A pool table club with good music.,Entertainment
An amusement center with bowling and drinks.,Entertainment
Take me to a quiz night event.,Entertainment
A racing event for cars or bikes.,Entertainment
I want to watch the sunset at a romantic spot.,Romantic
A quiet dinner with candlelight.,Romantic
Where can I take my partner for a scenic walk?,Romantic
A cozy cafe with a romantic ambiance.,Romantic
A rooftop restaurant with a city view.,Romantic
Take me to a beach for a romantic evening.,Romantic
A boat ride in a peaceful lake.,Romantic
A garden with blooming flowers for a stroll.,Romantic
I want a place with soft music and dancing.,Romantic
A hot air balloon ride sounds romantic.,Romantic
A private picnic by the river.,Romantic
A couple's spa retreat would be lovely.,Romantic
I’m looking for a romantic rooftop terrace.,Romantic
A dinner cruise on the river.,Romantic
Where can we watch the stars at night?,Romantic
I’d love a cabin getaway in the mountains.,Romantic
A romantic movie night under the stars.,Romantic
A vineyard tour with wine tasting.,Romantic
A scenic hilltop for a proposal.,Romantic
A romantic place with fairy lights and music.,Romantic
Take me to a spot with a cozy fireplace.,Romantic
A resort with romantic suites.,Romantic
A place to take couple photos in nature.,Romantic
A small cafe with dim lighting.,Romantic
A romantic walk along the beach.,Romantic
A gondola ride with my partner.,Romantic
A scenic park with benches for couples.,Romantic
A private dinner in a garden.,Romantic
A romantic swing by the riverside.,Romantic
A place with heart-shaped decorations.,Romantic
A mountain cabin for a quiet escape.,Romantic
Take me to a romantic horse carriage ride.,Romantic
Where can I find a quiet spot with rose gardens?,Romantic
A candlelight concert with classical music.,Romantic
A place to enjoy a private meal in nature.,Romantic
A bed and breakfast with romantic views.,Romantic
A sunset view from the hills.,Romantic
I’d like a romantic coffee date.,Romantic
A couple's dance workshop.,Romantic
A romantic cycling trail through a park.,Romantic
A charming place for a marriage proposal.,Romantic
A romantic garden lit by lanterns.,Romantic
A lakeside dinner with candles.,Romantic
A place for exchanging love locks.,Romantic
A serene bay with a romantic setting.,Romantic
A rooftop pool with a romantic vibe.,Romantic
A private picnic spot in the countryside.,Romantic
A romantic beach with no crowds.,Romantic
A lantern festival for couples.,Romantic
I want a quiet beach to relax.,Relaxation
A peaceful spa for a massage.,Relaxation
Take me to a serene hot spring.,Relaxation
A yoga retreat for relaxation.,Relaxation
A calming garden with water features.,Relaxation
I need a quiet park with shady trees.,Relaxation
A meditation center would be nice.,Relaxation
A resort offering peaceful views.,Relaxation
I want a lazy afternoon by the lake.,Relaxation
A small library with a cozy reading nook.,Relaxation
Take me to a hammam for ultimate relaxation.,Relaxation
A salt cave spa sounds relaxing.,Relaxation
A peaceful place to nap by the beach.,Relaxation
A soothing hot tub overlooking nature.,Relaxation
I need a massage therapy session.,Relaxation
A lodge with scenic mountain views.,Relaxation
A place where I can sit and unwind.,Relaxation
I want a hammock by the ocean.,Relaxation
A quiet riverside for daydreaming.,Relaxation
A relaxing day at a countryside inn.,Relaxation
I’d like a detox retreat in the woods.,Relaxation
A quiet hill station with fresh air.,Relaxation
A serene forest for unwinding.,Relaxation
A small cafe with soothing vibes.,Relaxation
A retreat for complete disconnection.,Relaxation
A peaceful lake for paddling.,Relaxation
A poolside lounge with cool drinks.,Relaxation
I want a garden with calming fountains.,Relaxation
A terrace with relaxing vibes.,Relaxation
A spa with aromatherapy treatments.,Relaxation
Take me to a sunbathing spot with no noise.,Relaxation
A sanctuary for slow living.,Relaxation
A gentle bike ride through a calm park.,Relaxation
A tropical retreat with relaxing hammocks.,Relaxation
A terrace garden for a quiet evening.,Relaxation
A warm bonfire under the stars.,Relaxation
A riverside lodge with a slow-paced vibe.,Relaxation
Take me to a calm waterfall.,Relaxation
A cozy cabin with soft lighting.,Relaxation
A relaxation lounge with herbal teas.,Relaxation
A private infinity pool.,Relaxation
A space for deep breathing exercises.,Relaxation
A countryside spot with fresh air and views.,Relaxation
A coastal town with a slow vibe.,Relaxation
A floating raft on a calm river.,Relaxation
A peaceful glamping site.,Relaxation
A place with no mobile signal to unwind.,Relaxation
A warm beach with relaxing chairs.,Relaxation
A terrace where I can watch the clouds.,Relaxation


