ID,1,2,3,4,5,6,7,8,9,10,11,12,13,14,15,16,17,18,19,20,21,22,23,24,25,26,27,28,29,30,31,32,33,34,35,36,37,38,39,40,41,42,43,44,45,46,47,48,49,50,51,52,53,54,55,56
1,,9 mins,24 mins,1 hour 13 mins,23 mins,25 mins,1 hour 15 mins,12 mins,9 mins,2 hours 16 mins,1 hour 10 mins,9 mins,6 mins,12 mins,10 mins,23 mins,26 mins,34 mins,24 mins,28 mins,25 mins,29 mins,37 mins,3 hours 16 mins,21 mins,18 mins,20 mins,14 mins,43 mins,31 mins,50 mins,30 mins,29 mins,53 mins,32 mins,34 mins,25 mins,23 mins,32 mins,29 mins,27 mins,16 mins,19 mins,22 mins,12 mins,17 mins,24 mins,11 mins,21 mins,32 mins,21 mins,14 mins,26 mins,29 mins,1 hour 38 mins,57 mins
2,9 mins,,18 mins,1 hour 14 mins,18 mins,20 mins,1 hour 9 mins,8 mins,11 mins,2 hours 17 mins,1 hour 8 mins,1 min,12 mins,14 mins,15 mins,21 mins,27 mins,29 mins,18 mins,23 mins,17 mins,25 mins,33 mins,3 hours 11 mins,21 mins,16 mins,14 mins,15 mins,44 mins,32 mins,46 mins,25 mins,25 mins,48 mins,29 mins,29 mins,20 mins,19 mins,19 mins,25 mins,23 mins,17 mins,17 mins,25 mins,15 mins,18 mins,20 mins,7 mins,16 mins,34 mins,19 mins,11 mins,23 mins,30 mins,1 hour 39 mins,58 mins
3,26 mins,18 mins,,1 hour 21 mins,25 mins,22 mins,1 hour 1 min,27 mins,24 mins,2 hours 14 mins,1 hour 2 mins,14 mins,24 mins,22 mins,20 mins,9 mins,11 mins,20 mins,error,14 mins,23 mins,28 mins,27 mins,3 hours 2 mins,39 mins,24 mins,35 mins,30 mins,39 mins,41 mins,34 mins,28 mins,28 mins,38 mins,18 mins,27 mins,19 mins,21 mins,25 mins,22 mins,26 mins,26 mins,28 mins,17 mins,27 mins,26 mins,33 mins,24 mins,23 mins,42 mins,28 mins,29 mins,26 mins,38 mins,1 hour 34 mins,50 mins
4,1 hour 10 mins,1 hour 4 mins,1 hour 22 mins,,1 hour 7 mins,1 hour 13 mins,2 hours 0 mins,57 mins,1 hour 5 mins,3 hours 23 mins,1 hour 48 mins,1 hour 3 mins,1 hour 8 mins,1 hour 9 mins,1 hour 16 mins,1 hour 13 mins,1 hour 13 mins,1 hour 16 mins,1 hour 22 mins,1 hour 12 mins,1 hour 11 mins,1 hour 17 mins,1 hour 13 mins,4 hours 0 mins,1 hour 19 mins,1 hour 3 mins,1 hour 22 mins,1 hour 3 mins,1 hour 18 mins,1 hour 17 mins,1 hour 38 mins,1 hour 18 mins,1 hour 17 mins,1 hour 46 mins,1 hour 14 mins,1 hour 8 mins,1 hour 23 mins,1 hour 11 mins,1 hour 9 mins,59 mins,1 hour 27 mins,58 mins,1 hour 8 mins,1 hour 17 mins,1 hour 9 mins,1 hour 16 mins,1 hour 0 mins,1 hour 6 mins,1 hour 4 mins,1 hour 12 mins,1 hour 1 min,1 hour 0 mins,1 hour 6 mins,1 hour 5 mins,1 hour 56 mins,1 hour 15 mins
5,23 mins,18 mins,23 mins,1 hour 11 mins,,21 mins,1 hour 9 mins,12 mins,12 mins,2 hours 17 mins,53 mins,18 mins,23 mins,22 mins,22 mins,22 mins,25 mins,30 mins,23 mins,24 mins,27 mins,25 mins,33 mins,3 hours 12 mins,29 mins,20 mins,32 mins,17 mins,29 mins,25 mins,46 mins,26 mins,25 mins,48 mins,28 mins,30 mins,21 mins,19 mins,25 mins,25 mins,23 mins,15 mins,7 mins,3 mins,15 mins,11 mins,10 mins,15 mins,5 mins,17 mins,3 mins,15 mins,6 mins,19 mins,1 hour 29 mins,42 mins
6,24 mins,19 mins,21 mins,1 hour 11 mins,20 mins,,1 hour 1 min,15 mins,13 mins,2 hours 23 mins,1 hour 10 mins,19 mins,24 mins,23 mins,25 mins,13 mins,16 mins,15 mins,21 mins,17 mins,11 mins,6 mins,11 mins,2 hours 57 mins,19 mins,27 mins,22 mins,18 mins,45 mins,46 mins,36 mins,6 mins,6 mins,28 mins,15 mins,17 mins,6 mins,5 mins,7 mins,10 mins,5 mins,18 mins,18 mins,27 mins,16 mins,23 mins,21 mins,16 mins,18 mins,41 mins,21 mins,18 mins,29 mins,38 mins,1 hour 29 mins,56 mins
7,1 hour 7 mins,1 hour 2 mins,51 mins,2 hours 2 mins,1 hour 2 mins,53 mins,,58 mins,55 mins,2 hours 59 mins,1 hour 46 mins,1 hour 2 mins,1 hour 3 mins,1 hour 0 mins,59 mins,50 mins,48 mins,55 mins,51 mins,50 mins,59 mins,58 mins,1 hour 1 min,3 hours 37 mins,1 hour 9 mins,1 hour 16 mins,1 hour 12 mins,1 hour 1 min,1 hour 19 mins,1 hour 19 mins,1 hour 5 mins,58 mins,58 mins,1 hour 17 mins,54 mins,58 mins,53 mins,52 mins,57 mins,53 mins,56 mins,1 hour 1 min,1 hour 1 min,55 mins,58 mins,1 hour 6 mins,1 hour 4 mins,58 mins,59 mins,1 hour 23 mins,1 hour 3 mins,1 hour 0 mins,1 hour 4 mins,1 hour 21 mins,2 hours 10 mins,1 hour 27 mins
8,17 mins,12 mins,26 mins,1 hour 9 mins,13 mins,17 mins,1 hour 5 mins,,8 mins,2 hours 21 mins,1 hour 0 mins,12 mins,16 mins,17 mins,16 mins,23 mins,26 mins,26 mins,26 mins,20 mins,23 mins,21 mins,29 mins,3 hours 8 mins,17 mins,20 mins,18 mins,13 mins,37 mins,22 mins,42 mins,22 mins,21 mins,44 mins,24 mins,26 mins,17 mins,15 mins,21 mins,21 mins,19 mins,11 mins,9 mins,11 mins,11 mins,15 mins,14 mins,6 mins,10 mins,28 mins,11 mins,10 mins,13 mins,24 mins,1 hour 28 mins,50 mins
9,15 mins,4 mins,25 mins,1 hour 14 mins,12 mins,14 mins,1 hour 2 mins,7 mins,,2 hours 16 mins,1 hour 0 mins,4 mins,9 mins,11 mins,13 mins,20 mins,24 mins,23 mins,25 mins,17 mins,20 mins,18 mins,26 mins,3 hours 5 mins,21 mins,16 mins,14 mins,8 mins,37 mins,27 mins,42 mins,19 mins,18 mins,47 mins,21 mins,23 mins,14 mins,12 mins,18 mins,18 mins,16 mins,10 mins,10 mins,19 mins,3 mins,15 mins,13 mins,3 mins,10 mins,30 mins,13 mins,10 mins,21 mins,28 mins,1 hour 32 mins,57 mins
10,1 hour 45 mins,1 hour 46 mins,1 hour 39 mins,2 hours 48 mins,1 hour 43 mins,2 hours 2 mins,2 hours 32 mins,1 hour 50 mins,1 hour 45 mins,,29 mins,1 hour 46 mins,1 hour 44 mins,1 hour 45 mins,1 hour 44 mins,1 hour 38 mins,1 hour 41 mins,2 hours 5 mins,1 hour 39 mins,1 hour 48 mins,1 hour 54 mins,2 hours 7 mins,2 hours 16 mins,4 hours 35 mins,2 hours 11 mins,2 hours 7 mins,1 hour 57 mins,1 hour 51 mins,1 hour 37 mins,1 hour 50 mins,2 hours 9 mins,2 hours 7 mins,2 hours 7 mins,2 hours 25 mins,1 hour 52 mins,2 hours 12 mins,2 hours 2 mins,2 hours 0 mins,2 hours 14 mins,2 hours 7 mins,2 hours 5 mins,1 hour 46 mins,1 hour 41 mins,1 hour 29 mins,1 hour 46 mins,1 hour 46 mins,1 hour 48 mins,1 hour 53 mins,1 hour 44 mins,1 hour 33 mins,1 hour 44 mins,1 hour 53 mins,1 hour 56 mins,1 hour 39 mins,53 mins,1 hour 18 mins
11,1 hour 22 mins,1 hour 23 mins,1 hour 24 mins,2 hours 0 mins,1 hour 14 mins,1 hour 27 mins,2 hours 15 mins,1 hour 22 mins,1 hour 28 mins,30 mins,,1 hour 23 mins,1 hour 21 mins,1 hour 23 mins,1 hour 21 mins,1 hour 22 mins,1 hour 25 mins,1 hour 24 mins,1 hour 24 mins,1 hour 30 mins,1 hour 33 mins,1 hour 31 mins,1 hour 35 mins,3 hours 54 mins,1 hour 34 mins,1 hour 36 mins,1 hour 28 mins,1 hour 29 mins,1 hour 4 mins,1 hour 6 mins,1 hour 39 mins,1 hour 32 mins,1 hour 31 mins,1 hour 55 mins,1 hour 29 mins,1 hour 31 mins,1 hour 27 mins,1 hour 25 mins,1 hour 31 mins,1 hour 27 mins,1 hour 36 mins,1 hour 23 mins,1 hour 12 mins,1 hour 15 mins,1 hour 27 mins,1 hour 17 mins,1 hour 19 mins,1 hour 27 mins,1 hour 10 mins,1 hour 4 mins,1 hour 10 mins,1 hour 25 mins,1 hour 19 mins,1 hour 13 mins,23 mins,1 hour 0 mins
12,9 mins,1 min,15 mins,1 hour 17 mins,18 mins,20 mins,1 hour 11 mins,9 mins,8 mins,2 hours 17 mins,1 hour 8 mins,,11 mins,13 mins,16 mins,17 mins,23 mins,29 mins,15 mins,22 mins,13 mins,25 mins,29 mins,3 hours 11 mins,19 mins,16 mins,14 mins,10 mins,42 mins,33 mins,46 mins,25 mins,25 mins,44 mins,21 mins,29 mins,20 mins,19 mins,15 mins,25 mins,23 mins,13 mins,17 mins,20 mins,8 mins,20 mins,20 mins,7 mins,16 mins,31 mins,17 mins,10 mins,22 mins,30 mins,1 hour 39 mins,58 mins
13,6 mins,11 mins,28 mins,1 hour 11 mins,22 mins,24 mins,1 hour 12 mins,11 mins,7 mins,2 hours 14 mins,1 hour 8 mins,6 mins,,11 mins,9 mins,23 mins,25 mins,34 mins,24 mins,27 mins,26 mins,29 mins,37 mins,3 hours 15 mins,29 mins,16 mins,32 mins,10 mins,39 mins,29 mins,52 mins,29 mins,29 mins,55 mins,32 mins,33 mins,24 mins,23 mins,28 mins,29 mins,27 mins,15 mins,17 mins,17 mins,10 mins,17 mins,24 mins,9 mins,20 mins,30 mins,19 mins,11 mins,24 mins,27 mins,1 hour 36 mins,55 mins
14,13 mins,11 mins,22 mins,1 hour 12 mins,24 mins,24 mins,1 hour 10 mins,17 mins,11 mins,2 hours 17 mins,1 hour 7 mins,11 mins,10 mins,,2 mins,21 mins,24 mins,33 mins,22 mins,27 mins,30 mins,29 mins,37 mins,3 hours 15 mins,24 mins,21 mins,28 mins,17 mins,37 mins,26 mins,51 mins,29 mins,29 mins,58 mins,32 mins,33 mins,24 mins,23 mins,28 mins,29 mins,27 mins,19 mins,21 mins,16 mins,9 mins,20 mins,24 mins,12 mins,20 mins,32 mins,21 mins,17 mins,21 mins,25 mins,1 hour 39 mins,50 mins
15,11 mins,10 mins,19 mins,1 hour 10 mins,22 mins,25 mins,1 hour 8 mins,15 mins,13 mins,2 hours 16 mins,1 hour 6 mins,9 mins,8 mins,2 mins,,18 mins,20 mins,32 mins,19 mins,29 mins,27 mins,30 mins,39 mins,3 hours 15 mins,23 mins,19 mins,26 mins,15 mins,35 mins,24 mins,37 mins,31 mins,30 mins,55 mins,33 mins,35 mins,26 mins,24 mins,29 mins,31 mins,28 mins,17 mins,20 mins,14 mins,11 mins,19 mins,24 mins,13 mins,20 mins,31 mins,18 mins,15 mins,21 mins,23 mins,1 hour 37 mins,48 mins
16,24 mins,21 mins,9 mins,1 hour 13 mins,24 mins,14 mins,54 mins,19 mins,17 mins,2 hours 14 mins,1 hour 7 mins,17 mins,23 mins,21 mins,20 mins,,6 mins,11 mins,9 mins,17 mins,20 mins,19 mins,22 mins,2 hours 53 mins,30 mins,26 mins,33 mins,22 mins,38 mins,36 mins,27 mins,19 mins,19 mins,40 mins,12 mins,19 mins,14 mins,12 mins,18 mins,14 mins,17 mins,22 mins,22 mins,16 mins,20 mins,26 mins,25 mins,20 mins,25 mins,41 mins,28 mins,25 mins,25 mins,37 mins,1 hour 25 mins,50 mins
17,30 mins,27 mins,11 mins,1 hour 11 mins,27 mins,18 mins,57 mins,23 mins,20 mins,2 hours 16 mins,1 hour 10 mins,23 mins,31 mins,23 mins,22 mins,6 mins,,15 mins,11 mins,13 mins,14 mins,14 mins,19 mins,2 hours 57 mins,27 mins,37 mins,29 mins,26 mins,41 mins,39 mins,30 mins,23 mins,22 mins,36 mins,12 mins,22 mins,18 mins,12 mins,16 mins,18 mins,20 mins,26 mins,26 mins,18 mins,23 mins,36 mins,29 mins,23 mins,25 mins,44 mins,30 mins,29 mins,28 mins,40 mins,1 hour 29 mins,56 mins
18,30 mins,25 mins,19 mins,1 hour 13 mins,26 mins,16 mins,1 hour 3 mins,21 mins,19 mins,2 hours 10 mins,1 hour 20 mins,25 mins,30 mins,28 mins,27 mins,11 mins,14 mins,,19 mins,19 mins,22 mins,25 mins,24 mins,2 hours 56 mins,32 mins,38 mins,35 mins,24 mins,41 mins,41 mins,26 mins,21 mins,25 mins,26 mins,9 mins,21 mins,16 mins,14 mins,20 mins,16 mins,19 mins,24 mins,24 mins,29 mins,22 mins,29 mins,27 mins,22 mins,27 mins,52 mins,30 mins,27 mins,38 mins,48 mins,1 hour 28 mins,1 hour 1 min
19,25 mins,18 mins,error,1 hour 21 mins,25 mins,22 mins,1 hour 0 mins,21 mins,25 mins,2 hours 14 mins,1 hour 8 mins,14 mins,23 mins,22 mins,20 mins,9 mins,11 mins,20 mins,,14 mins,23 mins,27 mins,27 mins,3 hours 2 mins,37 mins,24 mins,35 mins,30 mins,39 mins,43 mins,34 mins,25 mins,27 mins,38 mins,18 mins,27 mins,23 mins,21 mins,25 mins,22 mins,25 mins,25 mins,28 mins,17 mins,26 mins,27 mins,34 mins,28 mins,23 mins,42 mins,28 mins,29 mins,26 mins,38 mins,1 hour 41 mins,50 mins
20,29 mins,24 mins,15 mins,1 hour 6 mins,25 mins,19 mins,1 hour 0 mins,20 mins,18 mins,2 hours 20 mins,1 hour 16 mins,22 mins,29 mins,18 mins,17 mins,13 mins,18 mins,17 mins,15 mins,,12 mins,22 mins,27 mins,3 hours 2 mins,20 mins,22 mins,23 mins,23 mins,50 mins,38 mins,40 mins,24 mins,22 mins,41 mins,12 mins,23 mins,17 mins,15 mins,11 mins,19 mins,21 mins,21 mins,23 mins,25 mins,21 mins,28 mins,26 mins,21 mins,22 mins,42 mins,25 mins,23 mins,33 mins,43 mins,1 hour 36 mins,55 mins
21,27 mins,17 mins,14 mins,1 hour 7 mins,27 mins,17 mins,1 hour 8 mins,22 mins,20 mins,2 hours 22 mins,1 hour 18 mins,13 mins,26 mins,23 mins,21 mins,19 mins,16 mins,16 mins,14 mins,6 mins,,20 mins,15 mins,3 hours 4 mins,17 mins,27 mins,20 mins,25 mins,52 mins,43 mins,44 mins,14 mins,16 mins,28 mins,7 mins,22 mins,15 mins,16 mins,5 mins,15 mins,18 mins,25 mins,25 mins,29 mins,23 mins,30 mins,28 mins,23 mins,25 mins,50 mins,28 mins,25 mins,36 mins,45 mins,1 hour 38 mins,1 hour 3 mins
22,27 mins,22 mins,25 mins,1 hour 4 mins,23 mins,5 mins,1 hour 4 mins,19 mins,16 mins,2 hours 17 mins,1 hour 14 mins,22 mins,27 mins,27 mins,28 mins,16 mins,19 mins,17 mins,25 mins,21 mins,11 mins,,12 mins,3 hours 1 min,25 mins,32 mins,28 mins,21 mins,48 mins,43 mins,39 mins,5 mins,error,27 mins,16 mins,11 mins,6 mins,8 mins,15 mins,13 mins,3 mins,21 mins,21 mins,31 mins,19 mins,27 mins,25 mins,19 mins,21 mins,45 mins,24 mins,21 mins,32 mins,42 mins,1 hour 33 mins,59 mins
23,34 mins,30 mins,30 mins,1 hour 10 mins,30 mins,9 mins,1 hour 4 mins,26 mins,23 mins,2 hours 25 mins,1 hour 30 mins,29 mins,34 mins,34 mins,32 mins,21 mins,17 mins,14 mins,30 mins,25 mins,15 mins,6 mins,,3 hours 6 mins,27 mins,36 mins,30 mins,28 mins,51 mins,52 mins,47 mins,9 mins,6 mins,29 mins,12 mins,6 mins,10 mins,10 mins,16 mins,15 mins,6 mins,29 mins,29 mins,36 mins,26 mins,34 mins,32 mins,26 mins,30 mins,1 hour 3 mins,33 mins,30 mins,41 mins,49 mins,1 hour 39 mins,1 hour 3 mins
24,3 hours 12 mins,3 hours 7 mins,2 hours 59 mins,4 hours 17 mins,3 hours 8 mins,2 hours 56 mins,3 hours 38 mins,3 hours 3 mins,3 hours 1 min,4 hours 52 mins,3 hours 56 mins,3 hours 7 mins,3 hours 12 mins,3 hours 11 mins,3 hours 13 mins,2 hours 51 mins,2 hours 54 mins,2 hours 53 mins,2 hours 59 mins,2 hours 59 mins,3 hours 2 mins,3 hours 0 mins,3 hours 4 mins,,3 hours 10 mins,3 hours 20 mins,3 hours 13 mins,3 hours 6 mins,error,error,3 hours 9 mins,3 hours 1 min,3 hours 0 mins,3 hours 22 mins,3 hours 3 mins,3 hours 0 mins,2 hours 56 mins,2 hours 54 mins,3 hours 0 mins,2 hours 56 mins,2 hours 58 mins,3 hours 6 mins,3 hours 6 mins,3 hours 11 mins,3 hours 4 mins,3 hours 11 mins,3 hours 9 mins,3 hours 4 mins,3 hours 5 mins,3 hours 27 mins,3 hours 8 mins,3 hours 5 mins,3 hours 16 mins,3 hours 24 mins,3 hours 56 mins,3 hours 42 mins
25,23 mins,22 mins,30 mins,1 hour 4 mins,28 mins,20 mins,1 hour 16 mins,19 mins,18 mins,2 hours 44 mins,1 hour 23 mins,21 mins,22 mins,24 mins,26 mins,31 mins,34 mins,33 mins,30 mins,20 mins,17 mins,29 mins,32 mins,3 hours 15 mins,,3 mins,3 mins,22 mins,50 mins,39 mins,53 mins,33 mins,29 mins,44 mins,18 mins,29 mins,16 mins,19 mins,15 mins,24 mins,20 mins,17 mins,26 mins,25 mins,24 mins,30 mins,32 mins,22 mins,25 mins,44 mins,25 mins,23 mins,29 mins,36 mins,1 hour 56 mins,52 mins
26,17 mins,14 mins,29 mins,1 hour 10 mins,29 mins,30 mins,1 hour 19 mins,12 mins,12 mins,2 hours 36 mins,1 hour 20 mins,13 mins,16 mins,19 mins,17 mins,31 mins,30 mins,37 mins,29 mins,28 mins,26 mins,34 mins,30 mins,3 hours 20 mins,13 mins,,11 mins,15 mins,46 mins,40 mins,56 mins,35 mins,34 mins,54 mins,36 mins,25 mins,25 mins,28 mins,24 mins,16 mins,29 mins,9 mins,25 mins,21 mins,15 mins,22 mins,25 mins,14 mins,18 mins,43 mins,25 mins,13 mins,18 mins,33 mins,1 hour 48 mins,58 mins
27,21 mins,15 mins,39 mins,1 hour 5 mins,29 mins,24 mins,1 hour 19 mins,17 mins,11 mins,2 hours 42 mins,1 hour 20 mins,14 mins,21 mins,24 mins,24 mins,30 mins,33 mins,33 mins,39 mins,23 mins,21 mins,33 mins,36 mins,3 hours 15 mins,3 mins,3 mins,,14 mins,50 mins,47 mins,58 mins,33 mins,33 mins,50 mins,29 mins,33 mins,20 mins,22 mins,18 mins,28 mins,23 mins,10 mins,24 mins,28 mins,14 mins,29 mins,27 mins,12 mins,25 mins,44 mins,24 mins,15 mins,29 mins,49 mins,1 hour 58 mins,1 hour 4 mins
28,20 mins,14 mins,30 mins,1 hour 18 mins,16 mins,18 mins,1 hour 6 mins,11 mins,7 mins,2 hours 0 mins,1 hour 6 mins,14 mins,16 mins,16 mins,17 mins,21 mins,24 mins,24 mins,30 mins,21 mins,24 mins,23 mins,31 mins,3 hours 5 mins,25 mins,20 mins,18 mins,,41 mins,28 mins,45 mins,23 mins,23 mins,47 mins,25 mins,28 mins,18 mins,17 mins,22 mins,23 mins,21 mins,10 mins,15 mins,24 mins,7 mins,20 mins,18 mins,5 mins,14 mins,30 mins,17 mins,8 mins,20 mins,27 mins,1 hour 32 mins,1 hour 0 mins
29,42 mins,43 mins,39 mins,1 hour 21 mins,29 mins,42 mins,1 hour 29 mins,37 mins,39 mins,1 hour 53 mins,47 mins,43 mins,40 mins,40 mins,39 mins,38 mins,41 mins,40 mins,39 mins,45 mins,48 mins,47 mins,50 mins,error,53 mins,47 mins,48 mins,36 mins,,13 mins,54 mins,47 mins,47 mins,1 hour 11 mins,44 mins,47 mins,42 mins,40 mins,46 mins,42 mins,45 mins,42 mins,28 mins,30 mins,33 mins,32 mins,34 mins,30 mins,27 mins,22 mins,28 mins,37 mins,38 mins,34 mins,1 hour 8 mins,55 mins
30,33 mins,34 mins,47 mins,1 hour 31 mins,27 mins,47 mins,1 hour 46 mins,29 mins,30 mins,2 hours 1 min,50 mins,34 mins,31 mins,30 mins,28 mins,31 mins,34 mins,47 mins,47 mins,50 mins,53 mins,52 mins,1 hour 1 min,error,47 mins,41 mins,39 mins,38 mins,16 mins,,1 hour 1 min,52 mins,52 mins,1 hour 21 mins,55 mins,57 mins,47 mins,46 mins,51 mins,53 mins,50 mins,40 mins,27 mins,27 mins,37 mins,28 mins,33 mins,29 mins,21 mins,18 mins,26 mins,32 mins,20 mins,21 mins,1 hour 21 mins,1 hour 3 mins
31,48 mins,43 mins,21 mins,1 hour 26 mins,44 mins,33 mins,1 hour 2 mins,40 mins,37 mins,2 hours 21 mins,1 hour 25 mins,35 mins,48 mins,32 mins,30 mins,22 mins,25 mins,18 mins,21 mins,34 mins,40 mins,36 mins,46 mins,3 hours 9 mins,46 mins,51 mins,50 mins,42 mins,55 mins,57 mins,,38 mins,36 mins,39 mins,35 mins,41 mins,32 mins,30 mins,37 mins,33 mins,35 mins,42 mins,42 mins,44 mins,40 mins,48 mins,46 mins,40 mins,41 mins,52 mins,44 mins,41 mins,48 mins,49 mins,1 hour 42 mins,1 hour 14 mins
32,29 mins,24 mins,25 mins,1 hour 5 mins,25 mins,5 mins,1 hour 3 mins,20 mins,18 mins,2 hours 24 mins,1 hour 15 mins,24 mins,29 mins,28 mins,30 mins,18 mins,19 mins,12 mins,25 mins,23 mins,13 mins,5 mins,10 mins,3 hours 2 mins,23 mins,34 mins,27 mins,23 mins,50 mins,49 mins,41 mins,,5 mins,30 mins,17 mins,11 mins,8 mins,9 mins,12 mins,15 mins,4 mins,23 mins,23 mins,27 mins,21 mins,28 mins,26 mins,21 mins,23 mins,42 mins,26 mins,23 mins,34 mins,43 mins,1 hour 36 mins,1 hour 1 min
33,27 mins,22 mins,25 mins,1 hour 4 mins,23 mins,5 mins,1 hour 5 mins,19 mins,16 mins,2 hours 17 mins,1 hour 14 mins,22 mins,27 mins,27 mins,28 mins,16 mins,19 mins,19 mins,25 mins,21 mins,11 mins,error,12 mins,3 hours 1 min,22 mins,32 mins,25 mins,21 mins,48 mins,41 mins,39 mins,5 mins,,30 mins,16 mins,11 mins,6 mins,8 mins,12 mins,13 mins,3 mins,21 mins,21 mins,31 mins,19 mins,27 mins,25 mins,19 mins,21 mins,45 mins,24 mins,21 mins,32 mins,42 mins,1 hour 33 mins,59 mins
34,40 mins,36 mins,36 mins,1 hour 16 mins,36 mins,20 mins,1 hour 18 mins,32 mins,29 mins,2 hours 54 mins,1 hour 32 mins,36 mins,40 mins,40 mins,41 mins,30 mins,32 mins,26 mins,36 mins,30 mins,23 mins,23 mins,24 mins,3 hours 14 mins,38 mins,48 mins,42 mins,34 mins,1 hour 1 min,1 hour 1 min,52 mins,21 mins,23 mins,,16 mins,28 mins,21 mins,16 mins,18 mins,27 mins,23 mins,35 mins,35 mins,44 mins,32 mins,40 mins,38 mins,32 mins,35 mins,1 hour 3 mins,38 mins,35 mins,46 mins,57 mins,1 hour 52 mins,1 hour 17 mins
35,32 mins,27 mins,22 mins,1 hour 9 mins,28 mins,9 mins,1 hour 3 mins,23 mins,21 mins,2 hours 18 mins,1 hour 16 mins,27 mins,32 mins,32 mins,31 mins,15 mins,14 mins,12 mins,22 mins,20 mins,20 mins,9 mins,8 mins,3 hours 5 mins,32 mins,38 mins,36 mins,26 mins,50 mins,51 mins,39 mins,7 mins,9 mins,18 mins,,13 mins,17 mins,13 mins,17 mins,22 mins,10 mins,26 mins,26 mins,28 mins,24 mins,31 mins,30 mins,24 mins,26 mins,52 mins,29 mins,26 mins,37 mins,49 mins,1 hour 39 mins,58 mins
36,33 mins,28 mins,26 mins,1 hour 23 mins,29 mins,14 mins,1 hour 7 mins,25 mins,22 mins,2 hours 20 mins,1 hour 20 mins,28 mins,33 mins,33 mins,34 mins,18 mins,21 mins,20 mins,26 mins,22 mins,21 mins,13 mins,7 mins,3 hours 2 mins,31 mins,25 mins,35 mins,27 mins,47 mins,48 mins,43 mins,13 mins,13 mins,37 mins,26 mins,,12 mins,13 mins,19 mins,10 mins,10 mins,27 mins,27 mins,30 mins,25 mins,33 mins,31 mins,25 mins,29 mins,52 mins,32 mins,29 mins,38 mins,48 mins,1 hour 36 mins,1 hour 2 mins
37,25 mins,20 mins,22 mins,1 hour 7 mins,21 mins,7 mins,1 hour 3 mins,16 mins,14 mins,2 hours 11 mins,1 hour 11 mins,20 mins,25 mins,24 mins,26 mins,11 mins,12 mins,21 mins,20 mins,18 mins,14 mins,7 mins,15 mins,2 hours 58 mins,16 mins,27 mins,19 mins,19 mins,46 mins,45 mins,28 mins,10 mins,7 mins,30 mins,19 mins,8 mins,,7 mins,11 mins,11 mins,6 mins,19 mins,19 mins,30 mins,17 mins,24 mins,22 mins,17 mins,19 mins,43 mins,22 mins,19 mins,30 mins,40 mins,1 hour 30 mins,57 mins
38,23 mins,19 mins,21 mins,1 hour 9 mins,19 mins,6 mins,1 hour 1 min,15 mins,12 mins,2 hours 12 mins,1 hour 10 mins,19 mins,23 mins,23 mins,24 mins,12 mins,17 mins,15 mins,21 mins,15 mins,8 mins,10 mins,17 mins,2 hours 57 mins,18 mins,28 mins,21 mins,17 mins,44 mins,37 mins,33 mins,11 mins,10 mins,27 mins,14 mins,14 mins,7 mins,,6 mins,9 mins,8 mins,18 mins,18 mins,25 mins,15 mins,23 mins,21 mins,15 mins,17 mins,42 mins,20 mins,17 mins,28 mins,38 mins,1 hour 29 mins,56 mins
39,29 mins,19 mins,17 mins,1 hour 6 mins,25 mins,15 mins,1 hour 8 mins,20 mins,18 mins,2 hours 20 mins,1 hour 15 mins,15 mins,28 mins,28 mins,29 mins,13 mins,13 mins,20 mins,17 mins,11 mins,5 mins,17 mins,17 mins,3 hours 2 mins,14 mins,24 mins,18 mins,23 mins,50 mins,50 mins,42 mins,16 mins,17 mins,23 mins,5 mins,14 mins,12 mins,14 mins,,15 mins,15 mins,23 mins,23 mins,32 mins,21 mins,28 mins,26 mins,21 mins,22 mins,40 mins,25 mins,22 mins,33 mins,39 mins,1 hour 36 mins,1 hour 1 min
40,29 mins,24 mins,15 mins,1 hour 19 mins,25 mins,11 mins,1 hour 3 mins,20 mins,18 mins,2 hours 12 mins,1 hour 16 mins,24 mins,29 mins,29 mins,30 mins,14 mins,17 mins,16 mins,15 mins,18 mins,15 mins,15 mins,16 mins,2 hours 58 mins,27 mins,27 mins,30 mins,23 mins,43 mins,44 mins,43 mins,16 mins,15 mins,37 mins,22 mins,11 mins,12 mins,9 mins,16 mins,,10 mins,23 mins,23 mins,26 mins,21 mins,29 mins,27 mins,21 mins,23 mins,42 mins,26 mins,23 mins,34 mins,43 mins,1 hour 30 mins,58 mins
41,26 mins,21 mins,24 mins,1 hour 10 mins,22 mins,4 mins,1 hour 4 mins,18 mins,15 mins,2 hours 15 mins,1 hour 13 mins,21 mins,26 mins,26 mins,27 mins,15 mins,18 mins,18 mins,24 mins,20 mins,14 mins,4 mins,11 mins,2 hours 59 mins,18 mins,28 mins,22 mins,20 mins,47 mins,48 mins,38 mins,5 mins,4 mins,33 mins,17 mins,9 mins,4 mins,7 mins,14 mins,12 mins,,20 mins,20 mins,30 mins,18 mins,26 mins,24 mins,18 mins,20 mins,44 mins,23 mins,20 mins,31 mins,41 mins,1 hour 32 mins,58 mins
42,17 mins,13 mins,24 mins,1 hour 10 mins,16 mins,20 mins,1 hour 9 mins,11 mins,13 mins,2 hours 2 mins,1 hour 8 mins,11 mins,15 mins,18 mins,17 mins,23 mins,26 mins,25 mins,24 mins,23 mins,26 mins,24 mins,33 mins,3 hours 7 mins,18 mins,13 mins,14 mins,12 mins,40 mins,31 mins,48 mins,25 mins,24 mins,54 mins,27 mins,29 mins,20 mins,18 mins,24 mins,25 mins,22 mins,,14 mins,25 mins,13 mins,19 mins,17 mins,10 mins,14 mins,30 mins,17 mins,6 mins,21 mins,30 mins,1 hour 32 mins,58 mins
43,21 mins,17 mins,31 mins,1 hour 9 mins,8 mins,19 mins,1 hour 9 mins,11 mins,10 mins,1 hour 50 mins,52 mins,17 mins,21 mins,21 mins,20 mins,22 mins,25 mins,25 mins,31 mins,22 mins,25 mins,24 mins,32 mins,3 hours 7 mins,25 mins,20 mins,29 mins,16 mins,28 mins,38 mins,48 mins,24 mins,24 mins,54 mins,27 mins,29 mins,19 mins,18 mins,23 mins,24 mins,22 mins,14 mins,,4 mins,13 mins,10 mins,9 mins,13 mins,5 mins,22 mins,8 mins,13 mins,8 mins,24 mins,1 hour 28 mins,43 mins
44,19 mins,20 mins,14 mins,1 hour 17 mins,10 mins,27 mins,1 hour 7 mins,19 mins,18 mins,1 hour 53 mins,54 mins,20 mins,18 mins,15 mins,13 mins,13 mins,15 mins,31 mins,14 mins,24 mins,33 mins,32 mins,35 mins,3 hours 14 mins,28 mins,34 mins,32 mins,23 mins,30 mins,36 mins,46 mins,32 mins,32 mins,52 mins,28 mins,32 mins,27 mins,26 mins,31 mins,27 mins,30 mins,20 mins,7 mins,,21 mins,18 mins,16 mins,21 mins,9 mins,21 mins,14 mins,21 mins,11 mins,19 mins,1 hour 27 mins,36 mins
45,16 mins,8 mins,28 mins,1 hour 17 mins,15 mins,17 mins,1 hour 6 mins,10 mins,3 mins,2 hours 1 min,1 hour 5 mins,8 mins,11 mins,9 mins,11 mins,20 mins,23 mins,22 mins,28 mins,20 mins,23 mins,21 mins,30 mins,3 hours 4 mins,24 mins,21 mins,17 mins,8 mins,40 mins,25 mins,45 mins,22 mins,21 mins,52 mins,24 mins,27 mins,17 mins,15 mins,21 mins,22 mins,19 mins,13 mins,13 mins,22 mins,,18 mins,16 mins,4 mins,13 mins,29 mins,16 mins,11 mins,24 mins,26 mins,1 hour 39 mins,58 mins
46,12 mins,12 mins,22 mins,1 hour 10 mins,11 mins,27 mins,1 hour 16 mins,15 mins,18 mins,2 hours 15 mins,56 mins,12 mins,16 mins,14 mins,12 mins,21 mins,24 mins,33 mins,22 mins,30 mins,31 mins,32 mins,40 mins,3 hours 14 mins,32 mins,31 mins,26 mins,23 mins,32 mins,25 mins,50 mins,32 mins,32 mins,56 mins,34 mins,37 mins,27 mins,25 mins,31 mins,32 mins,30 mins,19 mins,10 mins,19 mins,21 mins,,17 mins,21 mins,9 mins,29 mins,12 mins,21 mins,20 mins,24 mins,1 hour 32 mins,54 mins
47,25 mins,20 mins,33 mins,1 hour 4 mins,10 mins,22 mins,1 hour 10 mins,14 mins,13 mins,2 hours 5 mins,56 mins,20 mins,24 mins,24 mins,23 mins,25 mins,29 mins,28 mins,33 mins,25 mins,28 mins,27 mins,36 mins,3 hours 10 mins,32 mins,28 mins,35 mins,19 mins,32 mins,40 mins,48 mins,27 mins,27 mins,52 mins,22 mins,32 mins,22 mins,21 mins,26 mins,27 mins,25 mins,17 mins,9 mins,12 mins,16 mins,19 mins,,16 mins,8 mins,27 mins,9 mins,16 mins,17 mins,26 mins,1 hour 31 mins,46 mins
48,12 mins,7 mins,28 mins,1 hour 16 mins,14 mins,16 mins,1 hour 6 mins,5 mins,3 mins,1 hour 59 mins,1 hour 5 mins,7 mins,11 mins,12 mins,12 mins,19 mins,23 mins,22 mins,28 mins,19 mins,22 mins,21 mins,30 mins,3 hours 4 mins,20 mins,17 mins,14 mins,5 mins,39 mins,28 mins,45 mins,21 mins,21 mins,51 mins,24 mins,26 mins,16 mins,15 mins,20 mins,21 mins,19 mins,9 mins,13 mins,22 mins,3 mins,18 mins,16 mins,,12 mins,29 mins,15 mins,7 mins,20 mins,26 mins,1 hour 31 mins,53 mins
49,21 mins,16 mins,21 mins,1 hour 1 min,5 mins,19 mins,1 hour 6 mins,10 mins,10 mins,1 hour 53 mins,53 mins,16 mins,21 mins,20 mins,20 mins,22 mins,23 mins,24 mins,21 mins,22 mins,25 mins,23 mins,32 mins,3 hours 6 mins,20 mins,21 mins,23 mins,15 mins,27 mins,37 mins,48 mins,24 mins,23 mins,52 mins,26 mins,29 mins,19 mins,17 mins,23 mins,24 mins,21 mins,13 mins,5 mins,3 mins,13 mins,9 mins,8 mins,13 mins,,20 mins,6 mins,13 mins,4 mins,19 mins,1 hour 27 mins,40 mins
50,29 mins,32 mins,39 mins,1 hour 40 mins,26 mins,42 mins,1 hour 30 mins,31 mins,29 mins,1 hour 37 mins,44 mins,30 mins,29 mins,30 mins,29 mins,39 mins,42 mins,52 mins,40 mins,48 mins,46 mins,47 mins,1 hour 8 mins,3 hours 40 mins,46 mins,48 mins,50 mins,38 mins,24 mins,14 mins,59 mins,47 mins,47 mins,1 hour 20 mins,51 mins,1 hour 5 mins,57 mins,41 mins,46 mins,47 mins,45 mins,33 mins,29 mins,22 mins,33 mins,24 mins,28 mins,32 mins,24 mins,,22 mins,29 mins,22 mins,11 mins,1 hour 15 mins,57 mins
51,24 mins,19 mins,26 mins,1 hour 26 mins,3 mins,22 mins,1 hour 9 mins,13 mins,13 mins,1 hour 47 mins,53 mins,19 mins,24 mins,26 mins,25 mins,25 mins,28 mins,27 mins,26 mins,25 mins,28 mins,26 mins,35 mins,3 hours 9 mins,27 mins,22 mins,23 mins,18 mins,28 mins,37 mins,49 mins,27 mins,26 mins,55 mins,29 mins,32 mins,22 mins,20 mins,26 mins,27 mins,24 mins,16 mins,8 mins,7 mins,16 mins,12 mins,9 mins,16 mins,6 mins,20 mins,,16 mins,8 mins,19 mins,1 hour 27 mins,45 mins
52,21 mins,16 mins,28 mins,1 hour 29 mins,14 mins,18 mins,1 hour 5 mins,9 mins,10 mins,2 hours 0 mins,1 hour 6 mins,16 mins,16 mins,16 mins,14 mins,22 mins,25 mins,24 mins,28 mins,21 mins,24 mins,23 mins,32 mins,3 hours 6 mins,19 mins,20 mins,18 mins,9 mins,39 mins,34 mins,48 mins,23 mins,23 mins,52 mins,26 mins,28 mins,18 mins,17 mins,22 mins,24 mins,21 mins,5 mins,13 mins,22 mins,10 mins,15 mins,16 mins,7 mins,12 mins,28 mins,15 mins,,19 mins,26 mins,1 hour 30 mins,55 mins
53,24 mins,24 mins,23 mins,1 hour 33 mins,12 mins,29 mins,1 hour 16 mins,14 mins,14 mins,1 hour 43 mins,55 mins,20 mins,23 mins,24 mins,23 mins,23 mins,25 mins,35 mins,23 mins,32 mins,35 mins,33 mins,42 mins,3 hours 17 mins,25 mins,37 mins,28 mins,20 mins,37 mins,24 mins,58 mins,34 mins,33 mins,59 mins,36 mins,39 mins,29 mins,27 mins,33 mins,34 mins,32 mins,18 mins,11 mins,12 mins,18 mins,19 mins,18 mins,14 mins,6 mins,15 mins,11 mins,18 mins,,18 mins,1 hour 30 mins,48 mins
54,29 mins,30 mins,38 mins,1 hour 5 mins,19 mins,38 mins,1 hour 21 mins,24 mins,28 mins,1 hour 39 mins,1 hour 13 mins,30 mins,27 mins,25 mins,23 mins,37 mins,40 mins,48 mins,38 mins,43 mins,45 mins,42 mins,49 mins,3 hours 24 mins,36 mins,33 mins,49 mins,27 mins,34 mins,21 mins,49 mins,43 mins,42 mins,57 mins,49 mins,48 mins,40 mins,38 mins,39 mins,43 mins,41 mins,30 mins,24 mins,19 mins,26 mins,24 mins,26 mins,26 mins,19 mins,11 mins,19 mins,26 mins,18 mins,,1 hour 21 mins,1 hour 2 mins
55,1 hour 38 mins,1 hour 39 mins,1 hour 34 mins,1 hour 56 mins,1 hour 29 mins,1 hour 29 mins,2 hours 10 mins,1 hour 28 mins,1 hour 32 mins,53 mins,23 mins,1 hour 39 mins,1 hour 36 mins,1 hour 39 mins,1 hour 37 mins,1 hour 25 mins,1 hour 29 mins,1 hour 28 mins,1 hour 41 mins,1 hour 36 mins,1 hour 38 mins,1 hour 33 mins,1 hour 39 mins,3 hours 56 mins,1 hour 56 mins,1 hour 48 mins,1 hour 58 mins,1 hour 32 mins,1 hour 8 mins,1 hour 21 mins,1 hour 42 mins,1 hour 36 mins,1 hour 33 mins,1 hour 52 mins,1 hour 39 mins,1 hour 36 mins,1 hour 30 mins,1 hour 29 mins,1 hour 36 mins,1 hour 30 mins,1 hour 32 mins,1 hour 32 mins,1 hour 28 mins,1 hour 27 mins,1 hour 39 mins,1 hour 32 mins,1 hour 31 mins,1 hour 31 mins,1 hour 27 mins,1 hour 15 mins,1 hour 27 mins,1 hour 30 mins,1 hour 30 mins,1 hour 21 mins,,1 hour 28 mins
56,57 mins,58 mins,50 mins,1 hour 15 mins,42 mins,56 mins,1 hour 27 mins,50 mins,57 mins,1 hour 18 mins,1 hour 0 mins,58 mins,55 mins,50 mins,48 mins,50 mins,56 mins,1 hour 1 min,50 mins,55 mins,1 hour 3 mins,59 mins,1 hour 3 mins,3 hours 42 mins,52 mins,58 mins,1 hour 4 mins,1 hour 0 mins,55 mins,1 hour 3 mins,1 hour 14 mins,1 hour 1 min,59 mins,1 hour 17 mins,58 mins,1 hour 2 mins,57 mins,56 mins,1 hour 1 min,58 mins,58 mins,58 mins,43 mins,36 mins,58 mins,54 mins,46 mins,53 mins,40 mins,57 mins,45 mins,55 mins,48 mins,1 hour 2 mins,1 hour 28 mins,